Headline,Author,Date
Daniel Ricciardo offered Red Bull F1 lifeline as Sergio Perez addresses retirement talk,Jamie Woodhouse,29 Sep 2024
Lewis Hamilton reveals the mental toll it takes to succeed in Formula 1,Elizabeth Blackstock,29 Sep 2024
Key track change coming at COTA in time for F1’s return to Austin,Elizabeth Blackstock,29 Sep 2024
‘Serious’ Max Verstappen F1 quit threat as Helmut Marko slams FIA ‘double standards’,Jamie Woodhouse,29 Sep 2024
Sergio Perez responds to Red Bull retirement rumors by channeling inner ‘Wolf of Wall Street’,Elizabeth Blackstock,29 Sep 2024
"Lando Norris ‘doesn’t realise’ performance level amid ‘Senna, Schumacher, Hamilton’ comparison",Jamie Woodhouse,29 Sep 2024
Guenther Steiner takes aim at ‘non-existent’ Lance Stroll with ‘weird’ trend identified,Oliver Harden,29 Sep 2024
Jos Verstappen ‘cut the stupid crap’ response in latest Christian Horner Red Bull flashpoint,Jamie Woodhouse,29 Sep 2024
Yuki Tsunoda Red Bull demo run goes up in smoke during first V8 experience,Jamie Woodhouse,29 Sep 2024
Ferrari wary of ‘next banana skin’ after finally solving frustrating SF-24 problem,Michelle Foster,29 Sep 2024
Daniel Ricciardo Red Bull lifeline offered as Helmut Marko proposes new F1 role,Oliver Harden,29 Sep 2024
‘Great curveball’ F1 2025 suggestion for Red Bull catches Helmut Marko’s attention,Michelle Foster,29 Sep 2024
Red Bull United States GP upgrade under scrutiny as McLaren prediction cast,Michelle Foster,29 Sep 2024
Lewis Hamilton responds to conspiracy theory over Mercedes strategy ‘frustrations’,Michelle Foster,29 Sep 2024
Fernando Alonso ‘matter of time’ tease as protégé’s Audi F1 prospects strengthen,Jamie Woodhouse,29 Sep 2024
Daniel Ricciardo Red Bull fastest lap boost triggers call to ban two team F1 ownership,Jamie Woodhouse,29 Sep 2024
FIA warned Max Verstappen will quit Formula 1 as future questioned amid swearing row,Jamie Woodhouse,29 Sep 2024
Daniel Ricciardo ‘cocky’ admission as dropped Red Bull driver recalls Austin reality check,Jamie Woodhouse,29 Sep 2024
Red Bull driver lineup takes shape after Daniel Ricciardo axe – F1 news round-up,Elizabeth Blackstock,28 Sep 2024
Gene Haas adds F1 investment to ‘increase the ceiling’ as on-track performance improves,Elizabeth Blackstock,28 Sep 2024
Daniel Ricciardo offered Red Bull F1 lifeline as Sergio Perez addresses retirement talk,Jamie Woodhouse,29 Sep 2024
Lewis Hamilton reveals the mental toll it takes to succeed in Formula 1,Elizabeth Blackstock,29 Sep 2024
Key track change coming at COTA in time for F1’s return to Austin,Elizabeth Blackstock,29 Sep 2024
‘Serious’ Max Verstappen F1 quit threat as Helmut Marko slams FIA ‘double standards’,Jamie Woodhouse,29 Sep 2024
Sergio Perez responds to Red Bull retirement rumors by channeling inner ‘Wolf of Wall Street’,Elizabeth Blackstock,29 Sep 2024
"Lando Norris ‘doesn’t realise’ performance level amid ‘Senna, Schumacher, Hamilton’ comparison",Jamie Woodhouse,29 Sep 2024
Guenther Steiner takes aim at ‘non-existent’ Lance Stroll with ‘weird’ trend identified,Oliver Harden,29 Sep 2024
Jos Verstappen ‘cut the stupid crap’ response in latest Christian Horner Red Bull flashpoint,Jamie Woodhouse,29 Sep 2024
Yuki Tsunoda Red Bull demo run goes up in smoke during first V8 experience,Jamie Woodhouse,29 Sep 2024
Ferrari wary of ‘next banana skin’ after finally solving frustrating SF-24 problem,Michelle Foster,29 Sep 2024
Daniel Ricciardo Red Bull lifeline offered as Helmut Marko proposes new F1 role,Oliver Harden,29 Sep 2024
‘Great curveball’ F1 2025 suggestion for Red Bull catches Helmut Marko’s attention,Michelle Foster,29 Sep 2024
Red Bull United States GP upgrade under scrutiny as McLaren prediction cast,Michelle Foster,29 Sep 2024
Lewis Hamilton responds to conspiracy theory over Mercedes strategy ‘frustrations’,Michelle Foster,29 Sep 2024
Fernando Alonso ‘matter of time’ tease as protégé’s Audi F1 prospects strengthen,Jamie Woodhouse,29 Sep 2024
Daniel Ricciardo Red Bull fastest lap boost triggers call to ban two team F1 ownership,Jamie Woodhouse,29 Sep 2024
FIA warned Max Verstappen will quit Formula 1 as future questioned amid swearing row,Jamie Woodhouse,29 Sep 2024
Daniel Ricciardo ‘cocky’ admission as dropped Red Bull driver recalls Austin reality check,Jamie Woodhouse,29 Sep 2024
Red Bull driver lineup takes shape after Daniel Ricciardo axe – F1 news round-up,Elizabeth Blackstock,28 Sep 2024
Gene Haas adds F1 investment to ‘increase the ceiling’ as on-track performance improves,Elizabeth Blackstock,28 Sep 2024
Daniel Ricciardo offered Red Bull F1 lifeline as Sergio Perez addresses retirement talk,Jamie Woodhouse,29 Sep 2024
Lewis Hamilton reveals the mental toll it takes to succeed in Formula 1,Elizabeth Blackstock,29 Sep 2024
Key track change coming at COTA in time for F1’s return to Austin,Elizabeth Blackstock,29 Sep 2024
‘Serious’ Max Verstappen F1 quit threat as Helmut Marko slams FIA ‘double standards’,Jamie Woodhouse,29 Sep 2024
Sergio Perez responds to Red Bull retirement rumors by channeling inner ‘Wolf of Wall Street’,Elizabeth Blackstock,29 Sep 2024
"Lando Norris ‘doesn’t realise’ performance level amid ‘Senna, Schumacher, Hamilton’ comparison",Jamie Woodhouse,29 Sep 2024
Guenther Steiner takes aim at ‘non-existent’ Lance Stroll with ‘weird’ trend identified,Oliver Harden,29 Sep 2024
Jos Verstappen ‘cut the stupid crap’ response in latest Christian Horner Red Bull flashpoint,Jamie Woodhouse,29 Sep 2024
Yuki Tsunoda Red Bull demo run goes up in smoke during first V8 experience,Jamie Woodhouse,29 Sep 2024
Ferrari wary of ‘next banana skin’ after finally solving frustrating SF-24 problem,Michelle Foster,29 Sep 2024
Daniel Ricciardo Red Bull lifeline offered as Helmut Marko proposes new F1 role,Oliver Harden,29 Sep 2024
‘Great curveball’ F1 2025 suggestion for Red Bull catches Helmut Marko’s attention,Michelle Foster,29 Sep 2024
Red Bull United States GP upgrade under scrutiny as McLaren prediction cast,Michelle Foster,29 Sep 2024
Lewis Hamilton responds to conspiracy theory over Mercedes strategy ‘frustrations’,Michelle Foster,29 Sep 2024
Fernando Alonso ‘matter of time’ tease as protégé’s Audi F1 prospects strengthen,Jamie Woodhouse,29 Sep 2024
Daniel Ricciardo Red Bull fastest lap boost triggers call to ban two team F1 ownership,Jamie Woodhouse,29 Sep 2024
FIA warned Max Verstappen will quit Formula 1 as future questioned amid swearing row,Jamie Woodhouse,29 Sep 2024
Daniel Ricciardo ‘cocky’ admission as dropped Red Bull driver recalls Austin reality check,Jamie Woodhouse,29 Sep 2024
Red Bull driver lineup takes shape after Daniel Ricciardo axe – F1 news round-up,Elizabeth Blackstock,28 Sep 2024
Gene Haas adds F1 investment to ‘increase the ceiling’ as on-track performance improves,Elizabeth Blackstock,28 Sep 2024
Daniel Ricciardo offered Red Bull F1 lifeline as Sergio Perez addresses retirement talk,Jamie Woodhouse,29 Sep 2024
Lewis Hamilton reveals the mental toll it takes to succeed in Formula 1,Elizabeth Blackstock,29 Sep 2024
Key track change coming at COTA in time for F1’s return to Austin,Elizabeth Blackstock,29 Sep 2024
‘Serious’ Max Verstappen F1 quit threat as Helmut Marko slams FIA ‘double standards’,Jamie Woodhouse,29 Sep 2024
Sergio Perez responds to Red Bull retirement rumors by channeling inner ‘Wolf of Wall Street’,Elizabeth Blackstock,29 Sep 2024
"Lando Norris ‘doesn’t realise’ performance level amid ‘Senna, Schumacher, Hamilton’ comparison",Jamie Woodhouse,29 Sep 2024
Guenther Steiner takes aim at ‘non-existent’ Lance Stroll with ‘weird’ trend identified,Oliver Harden,29 Sep 2024
Jos Verstappen ‘cut the stupid crap’ response in latest Christian Horner Red Bull flashpoint,Jamie Woodhouse,29 Sep 2024
Yuki Tsunoda Red Bull demo run goes up in smoke during first V8 experience,Jamie Woodhouse,29 Sep 2024
Ferrari wary of ‘next banana skin’ after finally solving frustrating SF-24 problem,Michelle Foster,29 Sep 2024
Daniel Ricciardo Red Bull lifeline offered as Helmut Marko proposes new F1 role,Oliver Harden,29 Sep 2024
‘Great curveball’ F1 2025 suggestion for Red Bull catches Helmut Marko’s attention,Michelle Foster,29 Sep 2024
Red Bull United States GP upgrade under scrutiny as McLaren prediction cast,Michelle Foster,29 Sep 2024
Lewis Hamilton responds to conspiracy theory over Mercedes strategy ‘frustrations’,Michelle Foster,29 Sep 2024
Fernando Alonso ‘matter of time’ tease as protégé’s Audi F1 prospects strengthen,Jamie Woodhouse,29 Sep 2024
Daniel Ricciardo Red Bull fastest lap boost triggers call to ban two team F1 ownership,Jamie Woodhouse,29 Sep 2024
FIA warned Max Verstappen will quit Formula 1 as future questioned amid swearing row,Jamie Woodhouse,29 Sep 2024
Daniel Ricciardo ‘cocky’ admission as dropped Red Bull driver recalls Austin reality check,Jamie Woodhouse,29 Sep 2024
Red Bull driver lineup takes shape after Daniel Ricciardo axe – F1 news round-up,Elizabeth Blackstock,28 Sep 2024
Gene Haas adds F1 investment to ‘increase the ceiling’ as on-track performance improves,Elizabeth Blackstock,28 Sep 2024
Daniel Ricciardo offered Red Bull F1 lifeline as Sergio Perez addresses retirement talk,Jamie Woodhouse,29 Sep 2024
Lewis Hamilton reveals the mental toll it takes to succeed in Formula 1,Elizabeth Blackstock,29 Sep 2024
Key track change coming at COTA in time for F1’s return to Austin,Elizabeth Blackstock,29 Sep 2024
‘Serious’ Max Verstappen F1 quit threat as Helmut Marko slams FIA ‘double standards’,Jamie Woodhouse,29 Sep 2024
Sergio Perez responds to Red Bull retirement rumors by channeling inner ‘Wolf of Wall Street’,Elizabeth Blackstock,29 Sep 2024
"Lando Norris ‘doesn’t realise’ performance level amid ‘Senna, Schumacher, Hamilton’ comparison",Jamie Woodhouse,29 Sep 2024
Guenther Steiner takes aim at ‘non-existent’ Lance Stroll with ‘weird’ trend identified,Oliver Harden,29 Sep 2024
Jos Verstappen ‘cut the stupid crap’ response in latest Christian Horner Red Bull flashpoint,Jamie Woodhouse,29 Sep 2024
Yuki Tsunoda Red Bull demo run goes up in smoke during first V8 experience,Jamie Woodhouse,29 Sep 2024
Ferrari wary of ‘next banana skin’ after finally solving frustrating SF-24 problem,Michelle Foster,29 Sep 2024
Daniel Ricciardo Red Bull lifeline offered as Helmut Marko proposes new F1 role,Oliver Harden,29 Sep 2024
‘Great curveball’ F1 2025 suggestion for Red Bull catches Helmut Marko’s attention,Michelle Foster,29 Sep 2024
Red Bull United States GP upgrade under scrutiny as McLaren prediction cast,Michelle Foster,29 Sep 2024
Lewis Hamilton responds to conspiracy theory over Mercedes strategy ‘frustrations’,Michelle Foster,29 Sep 2024
Fernando Alonso ‘matter of time’ tease as protégé’s Audi F1 prospects strengthen,Jamie Woodhouse,29 Sep 2024
Daniel Ricciardo Red Bull fastest lap boost triggers call to ban two team F1 ownership,Jamie Woodhouse,29 Sep 2024
FIA warned Max Verstappen will quit Formula 1 as future questioned amid swearing row,Jamie Woodhouse,29 Sep 2024
Daniel Ricciardo ‘cocky’ admission as dropped Red Bull driver recalls Austin reality check,Jamie Woodhouse,29 Sep 2024
Red Bull driver lineup takes shape after Daniel Ricciardo axe – F1 news round-up,Elizabeth Blackstock,28 Sep 2024
Gene Haas adds F1 investment to ‘increase the ceiling’ as on-track performance improves,Elizabeth Blackstock,28 Sep 2024
